sap code,sap name(CN),sap name(KR),pkg code,pkg name(EN),pkg name(KO),연결계정과목,관리,재무
53010101,工资,인건비,510100,Salaries,급여,인건비,사용,사용
53010103,直营店工资,인건비_직영점,510100,Salaries,급여,인건비,사용,사용
53030101,辞退福利,퇴직급여,510100,Salaries,급여,인건비,사용,사용
55010101,公积金,복리후생비_공적금,510600,Other employee benefits ,복리후생비,기타,사용,사용
55010103,社会保险费,복리후생비_사회보험,510600,Other employee benefits ,복리후생비,기타,사용,사용
55010105,福利费,복리후생비,510600,Other employee benefits ,복리후생비,기타,사용,사용
55010107,直营店社保及公积金,복리후생비_직영점사회보험및공적금,510600,Other employee benefits ,복리후생비,기타,사용,사용
55010109,餐费,복리후생비_식대,510600,Other employee benefits ,복리후생비,기타,사용,사용
55010111,福利费\外籍人员福利费,복리후생비_외국인직원복리,510600,Other employee benefits ,복리후생비,기타,사용,사용
55010113,活动费,복리후생비_활동비,510600,Other employee benefits ,복리후생비,기타,사용,사용
55030115,交通费,여비교통비_시내교통비,510700,Travel ,여비교통비,기타,사용,사용
55030117,差旅费,여비교통비_국내출장비,510700,Travel ,여비교통비,기타,사용,사용
55050101,汽车使用费,차량유지비,511700,Vehicles maintenance,차량유지비,기타,사용,사용
55070101,通信费,통신비,510800,Communications,통신비,기타,사용,사용
55090101,水电费,수도광열비,510900,Energies & Utilities ,수도광열비,기타,사용,사용
55110101,办公费,소모품비_사무용품,511800,Stationery and supplies,소모품비,기타,사용,사용
55110103,货架费,소모품비_매장소모품,511800,Stationery and supplies,소모품비,기타,사용,사용
55110105,包装费,소모품비_포장소모품,511900,Packaging,소모품비,기타,사용,사용
55130101,主营业务税金及附加,세금과공과,511000,Taxes and dues,세금과공과,기타,사용,사용
55130103,印花税,세금과공과_인화세,511000,Taxes and dues,세금과공과,기타,사용,사용
55150101,印刷费,인쇄비,511800,Stationery and supplies,소모품비,기타,사용,사용
55170103,广告费_MKT宣传费,광고선전비_MKT,511500,Advertising ,광고선전비,광고선전비,사용,사용
55170105,广告费_品销宝,광고선전비_핀샤오바오,511500,Advertising ,광고선전비,광고선전비,사용,사용
55170107,广告费_直通车,광고선전비_즈퉁처,511500,Advertising ,광고선전비,광고선전비,사용,사용
55170111,广告费_超级推荐,광고선전비_차오지투이지앤,511500,Advertising ,광고선전비,광고선전비,사용,사용
55170113,广告费_直营门店广告费,광고선전비_직영점광고비,511500,Advertising ,광고선전비,광고선전비,사용,사용
55170117,广告费_天猫站内投放,광고선전비_TMALL광고비,511500,Advertising ,광고선전비,광고선전비,사용,사용
55170119,广告费_活动营销费,광고선전비_행사비,511500,Advertising ,광고선전비,광고선전비,사용,사용
55170121,广告费_淘宝客,광고선전비_타오바오커,512300,Commissions ,지급수수료,수수료,사용,사용
55170123,广告费_聚划算佣金保证金,광고선전비_쮜화산,512300,Commissions ,지급수수료,수수료,사용,사용
55190101,业务招待费,접대비,511400,Entertainment,접대비,기타,사용,사용
55210103,固定运营服务费,지급수수료_TP변동수수료(고정),512300,Commissions ,지급수수료,수수료,사용,사용
55210107,浮动运营服务费,지급수수료_TP변동수수료,512300,Commissions ,지급수수료,수수료,사용,사용
55210109,浮动运营达成服务费,지급수수료_TP매출연동수수료,512300,Commissions ,지급수수료,수수료,사용,사용
55210115,商标特许权使用费,지급수수료_상표특허권사용료,512300,Commissions ,지급수수료,수수료,사용,사용
55210119,培训费,교육훈련비,510600,Other employee benefits ,복리후생비,기타,사용,사용
55210121,服务费,지급수수료,512300,Commissions ,지급수수료,수수료,사용,사용
55210123,软件费,지급수수료_소프트웨어사용료,512300,Commissions ,지급수수료,수수료,사용,사용
55210125,社保服务,지급수수료_사회보험대행수수료,512300,Commissions ,지급수수료,수수료,사용,사용
55210129,咨询费,지급수수료_컨설팅비용,512300,Commissions ,지급수수료,수수료,사용,사용
55210131,展览费,광고비_수주회,511500,Advertising ,광고선전비,광고선전비,사용,사용
55210133,快递费,지급수수료_퀵서비스,512000,Transportation,운반비,수수료,사용,사용
55210135,物流费,지급수수료_물류비,512000,Transportation,운반비,수수료,사용,사용
55210137,分拣费,지급수수료_분류용역비,512000,Transportation,운반비,수수료,사용,사용
55210139,运输费,지급수수료_운송비,512000,Transportation,운반비,수수료,사용,사용
55210141,仓储费,지급수수료_창고사용료,512000,Transportation,운반비,수수료,사용,사용
55210143,手续费,지급수수료_일반,512300,Commissions ,지급수수료,수수료,사용,사용
55210145,手续费_微商城,지급수수료_위쳇몰,512300,Commissions ,지급수수료,수수료,사용,사용
55210149,手续费_支付宝_天猫,지급수수료)Alipay 티몰,512300,Commissions ,지급수수료,수수료,사용,사용
55210151,手续费_支付宝_保险承保,지급수수료_Alipay 운송보험,512300,Commissions ,지급수수료,수수료,사용,사용
55210153,手续费_支付宝_天猫保证金服务,지급수수료_Alipay 보증금서비스,512300,Commissions ,지급수수료,수수료,사용,사용
55210155,手续费_支付宝_扣款手续费,지급수수료_Alipay 공제수수료,512300,Commissions ,지급수수료,수수료,사용,사용
55210157,手续费_支付宝_代扣返点,지급수수료_Alipay 포인트수수료,512300,Commissions ,지급수수료,수수료,사용,사용
55210159,手续费_支付宝_天猫佣金,지급수수료_Alipay 플랫폼사용료,512300,Commissions ,지급수수료,수수료,사용,사용
55230101,租赁费,지급임차료_임차료,511100,Operating lease rentals,임차료,기타,사용,사용
55230103,物业管理费,지급임차료_관리비,511100,Operating lease rentals,임차료,기타,사용,사용
55240101,样品费,간접 샘플 수수료,512100,Samples,샘플비,기타,사용,사용
55240102,直接样品费,직접 샘플 수수료,512100,Samples,샘플비,기타,사용,사용
55240103,样品费-装修补贴,샘플비_오프라인리베이트(装修补贴),512100,Samples,샘플비,기타,X,사용
55240105,样品费-返利补贴,샘플비_대리상지원금(返利补贴),512100,Samples,샘플비,기타,X,사용
55240107,样品费-投放补贴,샘플비_대리상지원금(投放补贴),512100,Samples,샘플비,기타,X,사용
55250103,折旧费_电子设备,감가상각비_기계장치,512400,Depreciation,감가상각비,감가상각비,사용,사용
55250107,折旧费_办公设备,감가상각비_공기구비품,512400,Depreciation,감가상각비,감가상각비,사용,사용
55270113,折旧费_软件,감가상각비_소프트웨어,512500,Amortization ,상각비,감가상각비,사용,사용
55270115,折旧费_软件_网站,감가상각비_홈페이지등,512500,Amortization ,상각비,감가상각비,사용,사용
55270119,装修费_Renovation costs,감가상각비_인테리어,512400,Depreciation,감가상각비,감가상각비,사용,사용
55310105,资产减值损失_存货,资产减值损失冲销_存货,420100,Cost of sales-merchandise,매출원가,기타,사용,사용
55330101,保险费,보험료,511300,Insurance,보험료,기타,사용,사용
55330103,残保金,장애인보험료,510600,Other employee benefits ,복리후생비,기타,사용,사용
55210122,劳务费,노무비,512300,Commissions ,지급수수료,수수료,사용,사용
55030119,海外差旅费,여비교통비_해외출장비,510700,Travel ,여비교통비,기타,사용,사용
55170129,广告费-京准通投放,광고선전비_경준통 투입,511500,Advertising ,광고선전비,광고선전비,사용,사용
55170131,广告费-京挑客,광고선전비_쿄토쿠,511500,Advertising ,광고선전비,광고선전비,사용,사용
55210161,手续费-京东,지급수수료_JD,512300,Commissions ,지급수수료,수수료,사용,사용
55210163,手续费-京东-扣点佣金,지급수수료_JD 수수료 공제,512300,Commissions ,지급수수료,수수료,사용,사용
55210165,手续费-京东-交易服务费,지급수수료_JD 거래서비스요금,512300,Commissions ,지급수수료,수수료,사용,사용
55210167,手续费-京东-京豆,지급수수료_JD 징또우,512300,Commissions ,지급수수료,수수료,사용,사용
55210169,手续费-京东-保险承保,지급수수료_JD 보험인수,512300,Commissions ,지급수수료,수수료,사용,사용
55170133,广告费-抖音-巨量千川,광고선전비_틱톡_마이크로폰,511500,Advertising ,광고선전비,광고선전비,사용,사용
55210177,手续费-抖音,지급수수료_틱톡,512300,Commissions ,지급수수료,수수료,사용,사용
55210179,手续费-抖音-扣点佣金,지급수수료_수수료공제_틱톡,512300,Commissions ,지급수수료,수수료,사용,사용
55210185,手续费-抖音-保险承保,지급수수료_틱톡_보험인수,512300,Commissions ,지급수수료,수수료,사용,사용
55210189,手续费-抖音-扣款,지급수수료_틱톡 공제,512300,Commissions ,지급수수료,수수료,사용,사용
55210181,手续费-抖音-达播佣金,지급수수료_达播佣金,512300,Commissions ,지급수수료,수수료,사용,사용
55010115,餐费,복리후생비_식대,510600,Other employee benefits ,복리후생비,기타,사용,사용
55010116,体检费,복리후생비_건강검진비,510600,Other employee benefits ,복리후생비,기타,사용,사용
55010117,行政餐费福利,복리후생비_행정식대복지,510600,Other employee benefits ,복리후생비,기타,사용,사용
55010118,节假日福利,복리후생비_명절복지,510600,Other employee benefits ,복리후생비,기타,사용,사용
55010119,Outing,복리후생비_야외활동,510600,Other employee benefits ,복리후생비,기타,사용,사용
55010120,周年福利,복리후생비_근속(기념일) 복지,510600,Other employee benefits ,복리후생비,기타,사용,사용
55010121,其他福利,복리후생비_기타복지,510600,Other employee benefits ,복리후생비,기타,사용,사용
55010123,部门TB福利,복리후생비_부서 TB 복지,510600,Other employee benefits ,복리후생비,기타,사용,사용
55170135,MKT宣传费-APP,마케팅홍보비_APP,511500,Advertising ,광고선전비,광고선전비,사용,사용
55170136,MKT宣传费-ACC,마케팅 홍보비-ACC,511500,Advertising ,광고선전비,광고선전비,사용,사용
55170137,MKT宣传费-Branding,마케팅 홍보비-브랜딩,511500,Advertising ,광고선전비,광고선전비,사용,사용
55170138,MKT宣传费-Retailing,마케팅 홍보비-리테일링,511500,Advertising ,광고선전비,광고선전비,사용,사용
55170139,MKT宣传费-Campaign,마케팅 홍보비-캠페인,511500,Advertising ,광고선전비,광고선전비,사용,사용
55170140,MKT宣传费-others,마케팅 홍보비-기타,511500,Advertising ,광고선전비,광고선전비,사용,사용
55210190,年度维护服务费,지급수수료_연간유지보수서비스비,512300,Commissions ,지급수수료,수수료,사용,사용
55210191,新开发服务费,지급수수료_신규개발서비스비,512300,Commissions ,지급수수료,수수료,사용,사용
55210192,AI相关服务费,지급수수료_AI 관련 서비스비,512300,Commissions ,지급수수료,수수료,사용,사용
55210193,审计服务费,지급수수료_감사서비스비,512300,Commissions ,지급수수료,수수료,사용,사용
55210195,假货采买服务费,지급수수료_위조상품 구매 서비스비,512300,Commissions ,지급수수료,수수료,사용,사용
55210196,其他咨询服务费,지급수수료_기타 자문 서비스비,512300,Commissions ,지급수수료,수수료,사용,사용
55210197,招聘服务费,지급수수료_채용 서비스비,512300,Commissions ,지급수수료,수수료,사용,사용
55210198,直营门店服务费-INT,지급수수료_직영매장 서비스비-INT,512300,Commissions ,지급수수료,수수료,사용,사용
55210199,直营门店服务费-IT,지급수수료_직영매장 서비스비-IT,512300,Commissions ,지급수수료,수수료,사용,사용
55210200,直营门店服务费-Others,지급수수료_직영매장 서비스비-기타,512300,Commissions ,지급수수료,수수료,사용,사용
55210201,线上门店服务费,지급수수료_온라인매장 서비스비,512300,Commissions ,지급수수료,수수료,사용,사용
55210202,数据运营服务费,지급수수료_데이터 운영 서비스비,512300,Commissions ,지급수수료,수수료,사용,사용
55210203,VAS服务费,지급수수료_부가가치 서비스비,512300,Commissions ,지급수수료,수수료,사용,사용
55210194,法律咨询费,지급수수료_법률자문비,512300,Commissions ,지급수수료,수수료,사용,사용
55010122,公司大型团建福利,복리후생비_회사 대규모 단합(워크숍) 복지,510600,Other employee benefits ,복리후생비,기타,사용,사용
55290101,坏账准备_Bad debt expense,대손상각비,512600,Bad debt expenses,대손상각비,기타,사용,사용
96030101,,관리회계_판매수수료,,,,,사용,X
96030103,,임차료(조정),,,,,사용,X
96030105,,플랫폼수수료(조정),,,,,사용,X
,,,513300,Depreciation(Right-of-use asset,감가상각비(사용권자산),감가상각비,,사용
61350101,잡이익_보조금,,512300,Commissions ,지급수수료,수수료,,사용
62010101,금융비용_수수료,,512300,Commissions ,지급수수료,수수료,,사용
